{
    "rvec":
    [[0.47447749],
     [2.22532102],
     [2.6294144 ]],
     
    "tvec":
    [[-0.6416129],
     [ 0.32936757],
     [-2.09795251]]
}