{
    "rvec": [
        [
            1.12191791
        ],
        [
            1.09802488
        ],
        [
            -1.30494965
        ]
    ],
    "tvec": [
        [
            -0.00356649
        ],
        [
            -0.09682895
        ],
        [
            -0.15551883
        ]
    ]
}