{
"intrinsic_matrix": 
    [
        [789.455662, 0.000000, 240.876141],
        [0.000000, 791.255982, 228.114844],
        [0.000000, 0.000000, 1.000000]
    ],
"dist_coeffs": [[0.045021, -0.069708, -0.005911, -0.016257, 0.000000]]
}