{
    "intrinsic_matrix": [
        [
            741.158280,
            0.000000,
            307.585025
        ],
        [
            0.000000,
            734.406873,
            233.460789
        ],
        [
            0.000000,
            0.000000,
            1.000000
        ]
    ],
    "dist_coeffs": [
        [
            0.000000,
            0.000000,
            0.000000,
            0.000000
        ]
    ]
}